modelo,horizonte,paciente,simulacion,MAE,RMSE,pct_A,pct_AB,pct_DE
ARIMAX,15min,0,1,0.2409698849264066,0.2828782349673657,100.0,100.0,0.0
ARIMAX,15min,0,2,0.2572255335093796,0.2975427850927817,100.0,100.0,0.0
ARIMAX,15min,0,3,0.2380494846118094,0.2795182075978016,100.0,100.0,0.0
ARIMAX,15min,0,4,0.2442055658378206,0.2864536093275639,100.0,100.0,0.0
ARIMAX,15min,0,5,0.2395776549544212,0.281701630577758,100.0,100.0,0.0
ARIMAX,15min,0,6,0.2472730651588457,0.289006510834197,100.0,100.0,0.0
ARIMAX,15min,1,1,0.2582478246990339,0.3195146969852527,100.0,100.0,0.0
ARIMAX,15min,1,2,0.2464297480940844,0.285295473908673,100.0,100.0,0.0
ARIMAX,15min,1,3,0.2539572788346829,0.3622127722663434,100.0,100.0,0.0
ARIMAX,15min,1,4,0.242322153522503,0.2820175530939772,100.0,100.0,0.0
ARIMAX,15min,1,5,0.2471194117815312,0.2861387898208248,100.0,100.0,0.0
ARIMAX,15min,1,6,0.2472312510364106,0.2876272487385611,100.0,100.0,0.0
ARIMAX,15min,2,1,0.2538862787868028,0.2908993288649202,100.0,100.0,0.0
ARIMAX,15min,2,2,0.2505530414031444,0.2895695696147429,100.0,100.0,0.0
ARIMAX,15min,2,3,0.2487552466693272,0.2880652392033831,100.0,100.0,0.0
ARIMAX,15min,2,4,0.2512159639900592,0.289082215699689,100.0,100.0,0.0
ARIMAX,15min,2,5,0.2551515582298717,0.294107130353707,100.0,100.0,0.0
ARIMAX,15min,2,6,0.2499097478868533,0.2898198814314673,100.0,100.0,0.0
ARIMAX,15min,3,1,0.245471928732778,0.2878995772801998,100.0,100.0,0.0
ARIMAX,15min,3,2,0.2471671384694589,0.2854763364561736,100.0,100.0,0.0
ARIMAX,15min,3,3,0.2445179074679703,0.2855123466188514,100.0,100.0,0.0
ARIMAX,15min,3,4,0.254317249368676,0.2947602821140958,100.0,100.0,0.0
ARIMAX,15min,3,5,0.2480890263238174,0.2876190741329275,100.0,100.0,0.0
ARIMAX,15min,3,6,0.2470266750135538,0.2868462673045276,100.0,100.0,0.0
ARIMAX,15min,4,1,0.2540269763840747,0.2934752529890422,100.0,100.0,0.0
ARIMAX,15min,4,2,0.2411220431473875,0.2824732539231164,100.0,100.0,0.0
ARIMAX,15min,4,3,0.250437510886535,0.290142041792851,100.0,100.0,0.0
ARIMAX,15min,4,4,0.247595952134038,0.2865591409197098,100.0,100.0,0.0
ARIMAX,15min,4,5,0.2510461142328082,0.287299580449502,100.0,100.0,0.0
ARIMAX,15min,4,6,0.2586954902043398,0.3259346727901751,100.0,100.0,0.0
ARIMAX,15min,5,1,0.2439000500088589,0.2861102030048285,100.0,100.0,0.0
ARIMAX,15min,5,2,0.2409983093202449,0.2861571436632431,100.0,100.0,0.0
ARIMAX,15min,5,3,0.249468041339116,0.2901130112766453,100.0,100.0,0.0
ARIMAX,15min,5,4,0.2496222962143291,0.2913631081030745,100.0,100.0,0.0
ARIMAX,15min,5,5,0.2463089734733012,0.2896526345374278,100.0,100.0,0.0
ARIMAX,15min,5,6,0.2432947741166643,0.2874773795491131,100.0,100.0,0.0
ARIMAX,15min,6,1,0.2422185626344049,0.2821410400014604,100.0,100.0,0.0
ARIMAX,15min,6,2,0.2500157169480663,0.2880086941008539,100.0,100.0,0.0
ARIMAX,15min,6,3,0.2499921570837342,0.2894773901012797,100.0,100.0,0.0
ARIMAX,15min,6,4,0.2489677223255712,0.2877576652294354,100.0,100.0,0.0
ARIMAX,15min,6,5,0.252938680331791,0.2918738267618236,100.0,100.0,0.0
ARIMAX,15min,6,6,0.2501539840295508,0.2899663249228588,100.0,100.0,0.0
ARIMAX,15min,7,1,0.2562837132790809,0.2950276613477746,100.0,100.0,0.0
ARIMAX,15min,7,2,0.2597865115103909,0.2969901345247392,100.0,100.0,0.0
ARIMAX,15min,7,3,0.2493865612716799,0.2883439689170033,100.0,100.0,0.0
ARIMAX,15min,7,4,0.246204035539616,0.2866936808025477,100.0,100.0,0.0
ARIMAX,15min,7,5,0.2512350608609894,0.2906733570817491,100.0,100.0,0.0
ARIMAX,15min,7,6,0.2497141563812755,0.2895531938417599,100.0,100.0,0.0
ARIMAX,15min,8,1,0.2485264679417676,0.2873871741965819,100.0,100.0,0.0
ARIMAX,15min,8,2,0.2518241625316807,0.2902731154333196,100.0,100.0,0.0
ARIMAX,15min,8,3,0.2443660450161186,0.2837871622871338,100.0,100.0,0.0
ARIMAX,15min,8,4,0.2455403847401202,0.2832073581442841,100.0,100.0,0.0
ARIMAX,15min,8,5,0.2491041061705672,0.2889786389283892,100.0,100.0,0.0
ARIMAX,15min,8,6,0.24566276963341,0.2856421886497157,100.0,100.0,0.0
ARIMAX,15min,9,1,0.247084767187485,0.2865592561675749,100.0,100.0,0.0
ARIMAX,15min,9,2,0.2487850811009348,0.2891654947691934,100.0,100.0,0.0
ARIMAX,15min,9,3,0.2532923404692955,0.2938255096540865,100.0,100.0,0.0
ARIMAX,15min,9,4,0.2480001971804147,0.2864722405066315,100.0,100.0,0.0
ARIMAX,15min,9,5,0.2775216538887615,0.6580273579215383,100.0,100.0,0.0
ARIMAX,15min,9,6,0.2467732213027176,0.2849666479670897,100.0,100.0,0.0
ARIMAX,15min,10,1,0.2522578190917973,0.2914514615143038,100.0,100.0,0.0
ARIMAX,15min,10,2,0.251126301956627,0.2891144039001825,100.0,100.0,0.0
ARIMAX,15min,10,3,0.2463198576519396,0.2863657374925144,100.0,100.0,0.0
ARIMAX,15min,10,4,0.2533537218611698,0.2901199985779679,100.0,100.0,0.0
ARIMAX,15min,10,5,0.2515363155894593,0.2908873275634213,100.0,100.0,0.0
ARIMAX,15min,10,6,0.255017849925476,0.2940879704148225,100.0,100.0,0.0
ARIMAX,15min,11,1,0.2469208754725746,0.2867532876683766,100.0,100.0,0.0
ARIMAX,15min,11,2,0.2493848590971577,0.2903507043477122,100.0,100.0,0.0
ARIMAX,15min,11,3,0.2515344543526502,0.2900845645370298,100.0,100.0,0.0
ARIMAX,15min,11,4,0.2483188267881194,0.2876620056508343,100.0,100.0,0.0
ARIMAX,15min,11,5,0.2435299925054185,0.2829871046641031,100.0,100.0,0.0
ARIMAX,15min,11,6,0.2499074085564369,0.2903100744066667,100.0,100.0,0.0
ARIMAX,15min,12,1,0.2422502156600443,0.2836257682687971,100.0,100.0,0.0
ARIMAX,15min,12,2,0.2443670670298557,0.2846095674227492,100.0,100.0,0.0
ARIMAX,15min,12,3,0.2420937361464122,0.2844949432379445,100.0,100.0,0.0
ARIMAX,15min,12,4,0.2417329353742244,0.2830259176169676,100.0,100.0,0.0
ARIMAX,15min,12,5,0.2476339570267278,0.2859172299666245,100.0,100.0,0.0
ARIMAX,15min,12,6,0.2525076404648772,0.2916735719800526,100.0,100.0,0.0
ARIMAX,15min,13,1,0.2459705148718027,0.2870433364080275,100.0,100.0,0.0
ARIMAX,15min,13,2,0.2478909131537447,0.2884981765661562,100.0,100.0,0.0
ARIMAX,15min,13,3,0.2592676734977038,0.4534936884658561,100.0,100.0,0.0
ARIMAX,15min,13,4,0.2471997569828176,0.2854012103457764,100.0,100.0,0.0
ARIMAX,15min,13,5,0.2531208015771933,0.2917565652881193,100.0,100.0,0.0
ARIMAX,15min,13,6,0.2506976968675324,0.2900436878230075,100.0,100.0,0.0
ARIMAX,15min,14,1,0.2537268428249336,0.2940345474617858,100.0,100.0,0.0
ARIMAX,15min,14,2,0.2501214033028823,0.2890102305040428,100.0,100.0,0.0
ARIMAX,15min,14,3,0.2435979474571419,0.2838185464728015,100.0,100.0,0.0
ARIMAX,15min,14,4,0.2569068027407302,0.2959569694199281,100.0,100.0,0.0
ARIMAX,15min,14,5,0.2486588674568894,0.2880945414197688,100.0,100.0,0.0
ARIMAX,15min,14,6,0.2497070183130341,0.2896298172753029,100.0,100.0,0.0
ARIMAX,15min,15,1,0.2492430263846111,0.2885144989450656,100.0,100.0,0.0
ARIMAX,15min,15,2,0.2547789829604776,0.2934717937481952,100.0,100.0,0.0
ARIMAX,15min,15,3,0.249827229327149,0.2893951368279977,100.0,100.0,0.0
ARIMAX,15min,15,4,0.2527989916445641,0.2922352399464046,100.0,100.0,0.0
ARIMAX,15min,15,5,0.2635625002700749,0.3014839303853235,100.0,100.0,0.0
ARIMAX,15min,15,6,0.2504401264567824,0.2888685884184934,100.0,100.0,0.0
ARIMAX,15min,16,1,0.2434674846661185,0.2822981703381254,100.0,100.0,0.0
ARIMAX,15min,16,2,0.2520374699165842,0.2912135558481988,100.0,100.0,0.0
ARIMAX,15min,16,3,0.2488235338486598,0.2881408741432176,100.0,100.0,0.0
ARIMAX,15min,16,4,0.2422038855531872,0.2823446126406888,100.0,100.0,0.0
ARIMAX,15min,16,5,0.2535863974168759,0.2929951143668059,100.0,100.0,0.0
ARIMAX,15min,16,6,0.249283120812454,0.2885816716034812,100.0,100.0,0.0
ARIMAX,15min,17,1,0.2477116895106246,0.2879668016296397,100.0,100.0,0.0
ARIMAX,15min,17,2,0.241951255736672,0.2826665728388843,100.0,100.0,0.0
ARIMAX,15min,17,3,0.2495752285603746,0.2886940775618439,100.0,100.0,0.0
ARIMAX,15min,17,4,0.2522687621400391,0.2913229292447588,100.0,100.0,0.0
ARIMAX,15min,17,5,0.2477203738615051,0.285920022746165,100.0,100.0,0.0
ARIMAX,15min,17,6,0.2429950656518487,0.2847151206300305,100.0,100.0,0.0
ARIMAX,15min,18,1,0.2481131784339365,0.287599102870145,100.0,100.0,0.0
ARIMAX,15min,18,2,0.2549235986598666,0.2938864677288682,100.0,100.0,0.0
ARIMAX,15min,18,3,0.2527359977486721,0.2923813282889348,100.0,100.0,0.0
ARIMAX,15min,18,4,0.2425560726469972,0.2829475054311571,100.0,100.0,0.0
ARIMAX,15min,18,5,0.2447558089387742,0.2838355792433292,100.0,100.0,0.0
ARIMAX,15min,18,6,0.2512836943804629,0.3035767046492726,100.0,100.0,0.0
ARIMAX,15min,19,1,0.2515743998789835,0.2907177584820495,100.0,100.0,0.0
ARIMAX,15min,19,2,0.2524568583597993,0.2922284383907559,100.0,100.0,0.0
ARIMAX,15min,19,3,0.2547399946617781,0.2946212506446327,100.0,100.0,0.0
ARIMAX,15min,19,4,0.2517782899047497,0.2904448595988259,100.0,100.0,0.0
ARIMAX,15min,19,5,0.2504477727315478,0.2894540045276885,100.0,100.0,0.0
ARIMAX,15min,19,6,0.2440302535308413,0.2834466331817869,100.0,100.0,0.0
ARIMAX,30min,0,1,0.2433146980187924,0.2844171691563741,100.0,100.0,0.0
ARIMAX,30min,0,2,0.2593040339412477,0.2980355629029092,100.0,100.0,0.0
ARIMAX,30min,0,3,0.2409574284746209,0.2811573496530409,100.0,100.0,0.0
ARIMAX,30min,0,4,0.2444043709852939,0.2849241063103297,100.0,100.0,0.0
ARIMAX,30min,0,5,0.2409912385247546,0.282900013822575,100.0,100.0,0.0
ARIMAX,30min,0,6,0.2489132547674883,0.2894435552956028,100.0,100.0,0.0
ARIMAX,30min,1,1,0.2549014797821449,0.3044929416350047,100.0,100.0,0.0
ARIMAX,30min,1,2,0.2475323666316589,0.2861767813915384,100.0,100.0,0.0
ARIMAX,30min,1,3,0.2457362110063175,0.2862938426886205,100.0,100.0,0.0
ARIMAX,30min,1,4,0.243154622107971,0.2828173795376983,100.0,100.0,0.0
ARIMAX,30min,1,5,0.2484317030372064,0.2870528940100144,100.0,100.0,0.0
ARIMAX,30min,1,6,0.2478657000179952,0.2879170163871633,100.0,100.0,0.0
ARIMAX,30min,2,1,0.2541251431846455,0.2910734198524076,100.0,100.0,0.0
ARIMAX,30min,2,2,0.250429405787817,0.2894660316525882,100.0,100.0,0.0
ARIMAX,30min,2,3,0.2488666939260646,0.2883032189279755,100.0,100.0,0.0
ARIMAX,30min,2,4,0.2514680082854477,0.2889273048891132,100.0,100.0,0.0
ARIMAX,30min,2,5,0.2553694286336663,0.2942312965991833,100.0,100.0,0.0
ARIMAX,30min,2,6,0.2498224231986862,0.2896172999862892,100.0,100.0,0.0
ARIMAX,30min,3,1,0.2467149608748903,0.2883224544178379,100.0,100.0,0.0
ARIMAX,30min,3,2,0.2487764893665207,0.2866655205458124,100.0,100.0,0.0
ARIMAX,30min,3,3,0.246464787395042,0.2866437101042529,100.0,100.0,0.0
ARIMAX,30min,3,4,0.2547235904151657,0.2948336939232807,100.0,100.0,0.0
ARIMAX,30min,3,5,0.2487202701916914,0.2884051324159684,100.0,100.0,0.0
ARIMAX,30min,3,6,0.2481501486044532,0.2874777209283767,100.0,100.0,0.0
ARIMAX,30min,4,1,0.2546362950022205,0.2937644768173099,100.0,100.0,0.0
ARIMAX,30min,4,2,0.2418286077216483,0.28301252026399,100.0,100.0,0.0
ARIMAX,30min,4,3,0.251017354794799,0.2904211655003074,100.0,100.0,0.0
ARIMAX,30min,4,4,0.2475279116237038,0.2865014389694377,100.0,100.0,0.0
ARIMAX,30min,4,5,0.25114962326288,0.2872960328512424,100.0,100.0,0.0
ARIMAX,30min,4,6,0.2581025253166813,0.3195284197671511,100.0,100.0,0.0
ARIMAX,30min,5,1,0.2483388730841204,0.2885619108138232,100.0,100.0,0.0
ARIMAX,30min,5,2,0.2442722773670606,0.2875788175282533,100.0,100.0,0.0
ARIMAX,30min,5,3,0.2530413544978652,0.2922611980920271,100.0,100.0,0.0
ARIMAX,30min,5,4,0.254195968893412,0.2936177875949721,100.0,100.0,0.0
ARIMAX,30min,5,5,0.2499037645824457,0.2913375002741514,100.0,100.0,0.0
ARIMAX,30min,5,6,0.2467376640966752,0.2894268827811389,100.0,100.0,0.0
ARIMAX,30min,6,1,0.2426366091123924,0.2824170620254651,100.0,100.0,0.0
ARIMAX,30min,6,2,0.2501453704692649,0.2881447035254574,100.0,100.0,0.0
ARIMAX,30min,6,3,0.2503915059590268,0.2894418116330691,100.0,100.0,0.0
ARIMAX,30min,6,4,0.2494037184827404,0.2879499980992193,100.0,100.0,0.0
ARIMAX,30min,6,5,0.2533369672954342,0.2922799891952509,100.0,100.0,0.0
ARIMAX,30min,6,6,0.2497930302702433,0.2894691813792617,100.0,100.0,0.0
ARIMAX,30min,7,1,0.2565706222153581,0.2952063642550896,100.0,100.0,0.0
ARIMAX,30min,7,2,0.2602011686174096,0.2974075690731548,100.0,100.0,0.0
ARIMAX,30min,7,3,0.2501184295370954,0.2888879450341857,100.0,100.0,0.0
ARIMAX,30min,7,4,0.2467602835799778,0.2869778595789424,100.0,100.0,0.0
ARIMAX,30min,7,5,0.2511425460428881,0.290597483952928,100.0,100.0,0.0
ARIMAX,30min,7,6,0.249918449423392,0.2895360688879967,100.0,100.0,0.0
ARIMAX,30min,8,1,0.2483185501249605,0.2870214966703597,100.0,100.0,0.0
ARIMAX,30min,8,2,0.2518754280528309,0.2901537356834659,100.0,100.0,0.0
ARIMAX,30min,8,3,0.2448476793173026,0.2842770355744972,100.0,100.0,0.0
ARIMAX,30min,8,4,0.2458983608027126,0.2835827400435219,100.0,100.0,0.0
ARIMAX,30min,8,5,0.2493186209350736,0.2891768781314096,100.0,100.0,0.0
ARIMAX,30min,8,6,0.2458241117625342,0.2854502489431617,100.0,100.0,0.0
ARIMAX,30min,9,1,0.2473714720970904,0.2867078796201117,100.0,100.0,0.0
ARIMAX,30min,9,2,0.2497429465447161,0.2898435647962868,100.0,100.0,0.0
ARIMAX,30min,9,3,0.2535937925960454,0.2938902163456516,100.0,100.0,0.0
ARIMAX,30min,9,4,0.2483208478477699,0.2867535947942006,100.0,100.0,0.0
ARIMAX,30min,9,5,0.2975464452328515,0.8177551303894917,100.0,100.0,0.0
ARIMAX,30min,9,6,0.2468118119700026,0.2853887186458098,100.0,100.0,0.0
ARIMAX,30min,10,1,0.2528744764148501,0.2918776653542024,100.0,100.0,0.0
ARIMAX,30min,10,2,0.2507410094912674,0.2887283701036026,100.0,100.0,0.0
ARIMAX,30min,10,3,0.2476073346677696,0.2870087328311255,100.0,100.0,0.0
ARIMAX,30min,10,4,0.2536478973971792,0.2904278241375447,100.0,100.0,0.0
ARIMAX,30min,10,5,0.25145356294446,0.2905625403930399,100.0,100.0,0.0
ARIMAX,30min,10,6,0.2567194468926822,0.2954851804854488,100.0,100.0,0.0
ARIMAX,30min,11,1,0.247323475473493,0.2868637766611092,100.0,100.0,0.0
ARIMAX,30min,11,2,0.2495122207503228,0.2901211777714063,100.0,100.0,0.0
ARIMAX,30min,11,3,0.2516088692170016,0.2902676825543983,100.0,100.0,0.0
ARIMAX,30min,11,4,0.2484098489796614,0.2875422100617568,100.0,100.0,0.0
ARIMAX,30min,11,5,0.243791123201418,0.2832150777430756,100.0,100.0,0.0
ARIMAX,30min,11,6,0.2505922909932581,0.2903653433346531,100.0,100.0,0.0
ARIMAX,30min,12,1,0.2434644264304513,0.2837653276043869,100.0,100.0,0.0
ARIMAX,30min,12,2,0.2457333085333573,0.2851169895610378,100.0,100.0,0.0
ARIMAX,30min,12,3,0.2430405142967016,0.284366564523112,100.0,100.0,0.0
ARIMAX,30min,12,4,0.2424217434810466,0.282888169460109,100.0,100.0,0.0
ARIMAX,30min,12,5,0.2488151753351198,0.286388703826916,100.0,100.0,0.0
ARIMAX,30min,12,6,0.2538534467131541,0.2925790400372415,100.0,100.0,0.0
ARIMAX,30min,13,1,0.2465575124592554,0.287412882543992,100.0,100.0,0.0
ARIMAX,30min,13,2,0.2481272730772044,0.2885482922340106,100.0,100.0,0.0
ARIMAX,30min,13,3,0.2589482627559574,0.4531315161619121,100.0,100.0,0.0
ARIMAX,30min,13,4,0.247044276893479,0.2849794120753959,100.0,100.0,0.0
ARIMAX,30min,13,5,0.2533106519764913,0.2917784613206153,100.0,100.0,0.0
ARIMAX,30min,13,6,0.2506750340660055,0.2899285495422728,100.0,100.0,0.0
ARIMAX,30min,14,1,0.2551021917117231,0.2945665965949812,100.0,100.0,0.0
ARIMAX,30min,14,2,0.2508901193973823,0.2893211102506813,100.0,100.0,0.0
ARIMAX,30min,14,3,0.2446592542601352,0.2845058119984804,100.0,100.0,0.0
ARIMAX,30min,14,4,0.2578424952588982,0.2966434095207109,100.0,100.0,0.0
ARIMAX,30min,14,5,0.2498287858765203,0.2888930154819564,100.0,100.0,0.0
ARIMAX,30min,14,6,0.2516747029798522,0.2910344200282354,100.0,100.0,0.0
ARIMAX,30min,15,1,0.2492026713893713,0.2882801245074461,100.0,100.0,0.0
ARIMAX,30min,15,2,0.2551738197274962,0.2937595471737862,100.0,100.0,0.0
ARIMAX,30min,15,3,0.2499560937006593,0.2894988165837777,100.0,100.0,0.0
ARIMAX,30min,15,4,0.2527347296851861,0.2921346793978928,100.0,100.0,0.0
ARIMAX,30min,15,5,0.2635669402573555,0.301459521448072,100.0,100.0,0.0
ARIMAX,30min,15,6,0.251095906164638,0.2894930255294423,100.0,100.0,0.0
ARIMAX,30min,16,1,0.2435426294119375,0.2824043001423769,100.0,100.0,0.0
ARIMAX,30min,16,2,0.2523970452447741,0.2913754804800667,100.0,100.0,0.0
ARIMAX,30min,16,3,0.2487587573010184,0.2879680705676979,100.0,100.0,0.0
ARIMAX,30min,16,4,0.2421580349635994,0.2822234486348011,100.0,100.0,0.0
ARIMAX,30min,16,5,0.2536918903381561,0.2930280504684492,100.0,100.0,0.0
ARIMAX,30min,16,6,0.2493316623416031,0.2886116044255503,100.0,100.0,0.0
ARIMAX,30min,17,1,0.2485021219845034,0.2885825566133315,100.0,100.0,0.0
ARIMAX,30min,17,2,0.2428885999334646,0.2832785715395302,100.0,100.0,0.0
ARIMAX,30min,17,3,0.2508384015858289,0.2895584864818687,100.0,100.0,0.0
ARIMAX,30min,17,4,0.2532661994642614,0.2920912735015138,100.0,100.0,0.0
ARIMAX,30min,17,5,0.2483227848181836,0.2863656947660132,100.0,100.0,0.0
ARIMAX,30min,17,6,0.2437658096471755,0.2856450861362982,100.0,100.0,0.0
ARIMAX,30min,18,1,0.2496074313924305,0.2888603010363196,100.0,100.0,0.0
ARIMAX,30min,18,2,0.2551761603263922,0.2937084298995542,100.0,100.0,0.0
ARIMAX,30min,18,3,0.2533851689874783,0.2926643207675079,100.0,100.0,0.0
ARIMAX,30min,18,4,0.24279460120943,0.2829033429582924,100.0,100.0,0.0
ARIMAX,30min,18,5,0.2453744130650348,0.2846040210124692,100.0,100.0,0.0
ARIMAX,30min,18,6,0.249572369898973,0.2903016426202678,100.0,100.0,0.0
ARIMAX,30min,19,1,0.2517393013250605,0.2907139541683927,100.0,100.0,0.0
ARIMAX,30min,19,2,0.2523306837223077,0.2920506395682267,100.0,100.0,0.0
ARIMAX,30min,19,3,0.255013639708591,0.2944872963521095,100.0,100.0,0.0
ARIMAX,30min,19,4,0.2517589468591892,0.2900665953548769,100.0,100.0,0.0
ARIMAX,30min,19,5,0.2505724776004939,0.2893817088062056,100.0,100.0,0.0
ARIMAX,30min,19,6,0.2448737277836027,0.2842254623759139,100.0,100.0,0.0
XGBoost,15min,0,1,0.081486931091273,0.2248597153707189,100.0,100.0,0.0
XGBoost,15min,0,2,0.1039431640198925,0.247475102405859,100.0,100.0,0.0
XGBoost,15min,0,3,0.0822222112153005,0.2365650722368621,100.0,100.0,0.0
XGBoost,15min,0,4,0.1380837591946853,0.3033355507789825,100.0,100.0,0.0
XGBoost,15min,0,5,0.1537284562586351,0.3345563744447926,100.0,100.0,0.0
XGBoost,15min,0,6,0.1160515945549965,0.257259062798097,100.0,100.0,0.0
XGBoost,15min,1,1,0.0974136716477603,0.2459394111852501,100.0,100.0,0.0
XGBoost,15min,1,2,0.1128297221043416,0.2735653871475373,100.0,100.0,0.0
XGBoost,15min,1,3,0.0830006224946826,0.221379153404453,100.0,100.0,0.0
XGBoost,15min,1,4,0.1460530989526523,0.2966515422712761,100.0,100.0,0.0
XGBoost,15min,1,5,0.1304558958682714,0.296824211097504,100.0,100.0,0.0
XGBoost,15min,1,6,0.1044857697545129,0.2377744759238562,100.0,100.0,0.0
XGBoost,15min,2,1,0.2398306695162521,0.4427776334024872,100.0,100.0,0.0
XGBoost,15min,2,2,0.3276698637868582,0.7611825641980692,100.0,100.0,0.0
XGBoost,15min,2,3,0.2271458579746355,0.4004801905015872,100.0,100.0,0.0
XGBoost,15min,2,4,0.2836970251060073,0.4140291388202343,100.0,100.0,0.0
XGBoost,15min,2,5,0.3006807763331015,0.4633204937479406,100.0,100.0,0.0
XGBoost,15min,2,6,0.3176352038780154,0.6369109792054124,100.0,100.0,0.0
XGBoost,15min,3,1,0.1284924430026087,0.2828281375241119,100.0,100.0,0.0
XGBoost,15min,3,2,0.1714141561653532,0.3220710986539734,100.0,100.0,0.0
XGBoost,15min,3,3,0.1583074422129508,0.3355132696625345,100.0,100.0,0.0
XGBoost,15min,3,4,0.197859004599331,0.3398408895421158,100.0,100.0,0.0
XGBoost,15min,3,5,0.2597603256997846,0.5967870311400291,100.0,100.0,0.0
XGBoost,15min,3,6,0.250919504038049,0.5706039074904171,100.0,100.0,0.0
XGBoost,15min,4,1,0.1722568247885534,0.3370026239904169,100.0,100.0,0.0
XGBoost,15min,4,2,0.1993241146458242,0.4065150420315966,100.0,100.0,0.0
XGBoost,15min,4,3,0.1648633867034113,0.3211724180193827,100.0,100.0,0.0
XGBoost,15min,4,4,0.2328678151075752,0.4018272135672815,100.0,100.0,0.0
XGBoost,15min,4,5,0.3416001262742464,0.8742217936317559,100.0,100.0,0.0
XGBoost,15min,4,6,0.2313066874221704,0.4986225114179115,100.0,100.0,0.0
XGBoost,15min,5,1,0.0492618997961092,0.1847781778886756,100.0,100.0,0.0
XGBoost,15min,5,2,0.0748795114886698,0.2250518818148718,100.0,100.0,0.0
XGBoost,15min,5,3,0.0430607199322144,0.1672089916005253,100.0,100.0,0.0
XGBoost,15min,5,4,0.0731586991110952,0.2064917440977123,100.0,100.0,0.0
XGBoost,15min,5,5,0.0976198827755735,0.2600166128505097,100.0,100.0,0.0
XGBoost,15min,5,6,0.0931407269382976,0.2642318938558228,100.0,100.0,0.0
XGBoost,15min,6,1,0.1135537512015297,0.2563744629557263,100.0,100.0,0.0
XGBoost,15min,6,2,0.1304157294805414,0.28585399757542,100.0,100.0,0.0
XGBoost,15min,6,3,0.1123020422881671,0.2521856966524369,100.0,100.0,0.0
XGBoost,15min,6,4,0.134817091235593,0.2771877125824137,100.0,100.0,0.0
XGBoost,15min,6,5,0.1396747209638825,0.2846117723242288,100.0,100.0,0.0
XGBoost,15min,6,6,0.1174482264582538,0.2525511978376198,100.0,100.0,0.0
XGBoost,15min,7,1,0.1064952919135057,0.2509855714787792,100.0,100.0,0.0
XGBoost,15min,7,2,0.1236548565237102,0.2676536997806148,100.0,100.0,0.0
XGBoost,15min,7,3,0.1133508199588582,0.2658581651600066,100.0,100.0,0.0
XGBoost,15min,7,4,0.1187875513561663,0.2609729454738579,100.0,100.0,0.0
XGBoost,15min,7,5,0.1342589027178433,0.2871329826457434,100.0,100.0,0.0
XGBoost,15min,7,6,0.1234801172031227,0.264256454611458,100.0,100.0,0.0
XGBoost,15min,8,1,0.1274412819783031,0.2802568704312135,100.0,100.0,0.0
XGBoost,15min,8,2,0.1455523283971195,0.2834202186340054,100.0,100.0,0.0
XGBoost,15min,8,3,0.1438219604137125,0.2996881536524234,100.0,100.0,0.0
XGBoost,15min,8,4,0.220568334591673,0.4165074820157873,100.0,100.0,0.0
XGBoost,15min,8,5,0.2186165321975894,0.3813364838079787,100.0,100.0,0.0
XGBoost,15min,8,6,0.2937713942602667,0.6463084731340895,100.0,100.0,0.0
XGBoost,15min,9,1,0.1579474182306437,0.3101348447511513,100.0,100.0,0.0
XGBoost,15min,9,2,0.2564017055615774,0.5391067839658902,100.0,100.0,0.0
XGBoost,15min,9,3,0.1573518106173193,0.3308963609152092,100.0,100.0,0.0
XGBoost,15min,9,4,0.223262900041244,0.3643289461533089,100.0,100.0,0.0
XGBoost,15min,9,5,0.3763381753847167,0.9394465888882556,100.0,100.0,0.0
XGBoost,15min,9,6,0.4302097606825371,1.0442491832260548,100.0,100.0,0.0
XGBoost,15min,10,1,0.1178130038329652,0.2749936017492226,100.0,100.0,0.0
XGBoost,15min,10,2,0.1557303756527459,0.324630437983536,100.0,100.0,0.0
XGBoost,15min,10,3,0.1166336565533649,0.2695108573504547,100.0,100.0,0.0
XGBoost,15min,10,4,0.1596910744090632,0.2967161291160729,100.0,100.0,0.0
XGBoost,15min,10,5,0.1478444133268115,0.3079712086038038,100.0,100.0,0.0
XGBoost,15min,10,6,0.1727240064797393,0.3545152252139402,100.0,100.0,0.0
XGBoost,15min,11,1,0.1496550874560291,0.3153663276353842,100.0,100.0,0.0
XGBoost,15min,11,2,0.197858019302306,0.3807453980267932,100.0,100.0,0.0
XGBoost,15min,11,3,0.1657260630698034,0.3562968558793777,100.0,100.0,0.0
XGBoost,15min,11,4,0.1984154710664244,0.3580467371356095,100.0,100.0,0.0
XGBoost,15min,11,5,0.1992597152772096,0.3558983671809295,100.0,100.0,0.0
XGBoost,15min,11,6,0.2928772682780232,1.2396011807417229,100.0,100.0,0.0
XGBoost,15min,12,1,0.0802178241403523,0.21590966615489,100.0,100.0,0.0
XGBoost,15min,12,2,0.1098474188555528,0.2812601520346755,100.0,100.0,0.0
XGBoost,15min,12,3,0.1035064732771824,0.3094796040702278,100.0,100.0,0.0
XGBoost,15min,12,4,0.2252230020093668,0.5503776272502833,100.0,100.0,0.0
XGBoost,15min,12,5,0.1297497796485284,0.2808863704805933,100.0,100.0,0.0
XGBoost,15min,12,6,0.1363728663614838,0.2832413330280696,100.0,100.0,0.0
XGBoost,15min,13,1,0.0667863172316981,0.2369525721607148,100.0,100.0,0.0
XGBoost,15min,13,2,0.074429497044748,0.2116261180289146,100.0,100.0,0.0
XGBoost,15min,13,3,0.0606063700748641,0.1923581015429696,100.0,100.0,0.0
XGBoost,15min,13,4,0.0847779918091459,0.2234186512067672,100.0,100.0,0.0
XGBoost,15min,13,5,0.1226935306213982,0.3718731646205825,100.0,100.0,0.0
XGBoost,15min,13,6,0.1413888492994769,0.4498128407094378,100.0,100.0,0.0
XGBoost,15min,14,1,0.0756538395551556,0.2142106788302755,100.0,100.0,0.0
XGBoost,15min,14,2,0.084798780688718,0.2364153144247514,100.0,100.0,0.0
XGBoost,15min,14,3,0.0802310590760662,0.2219385726289362,100.0,100.0,0.0
XGBoost,15min,14,4,0.1014225345631544,0.2353186191754417,100.0,100.0,0.0
XGBoost,15min,14,5,0.1116391681806509,0.2625548256475896,100.0,100.0,0.0
XGBoost,15min,14,6,0.123794928479153,0.2730835703235055,100.0,100.0,0.0
XGBoost,15min,15,1,0.1639597450598094,0.3081297236265263,100.0,100.0,0.0
XGBoost,15min,15,2,0.2199598914873745,0.399975655191067,100.0,100.0,0.0
XGBoost,15min,15,3,0.1824470240408213,0.4025314002537387,100.0,100.0,0.0
XGBoost,15min,15,4,0.2353669544373091,0.3995182558823849,100.0,100.0,0.0
XGBoost,15min,15,5,0.2951677998115047,0.5981353861444616,100.0,100.0,0.0
XGBoost,15min,15,6,0.2499695800639225,0.550748121424706,100.0,100.0,0.0
XGBoost,15min,16,1,0.1873120035523242,0.3279658543898376,100.0,100.0,0.0
XGBoost,15min,16,2,0.2408117324269879,0.381016203546609,100.0,100.0,0.0
XGBoost,15min,16,3,0.1919608390768161,0.3329785539308831,100.0,100.0,0.0
XGBoost,15min,16,4,0.2979220334286603,0.6392017914755798,100.0,100.0,0.0
XGBoost,15min,16,5,0.2802778491452379,0.4656268094488961,100.0,100.0,0.0
XGBoost,15min,16,6,0.2410936250181792,0.3721881458498175,100.0,100.0,0.0
XGBoost,15min,17,1,0.0960446857587759,0.2337907482175469,100.0,100.0,0.0
XGBoost,15min,17,2,0.0981645567462914,0.2351681306064454,100.0,100.0,0.0
XGBoost,15min,17,3,0.0995952080265597,0.2457801414548533,100.0,100.0,0.0
XGBoost,15min,17,4,0.1537457921603448,0.3206642585651805,100.0,100.0,0.0
XGBoost,15min,17,5,0.1475620857846813,0.2992390741276784,100.0,100.0,0.0
XGBoost,15min,17,6,0.1716465176088023,0.3949710098589813,100.0,100.0,0.0
XGBoost,15min,18,1,0.0971302877962069,0.2356945750451817,100.0,100.0,0.0
XGBoost,15min,18,2,0.125979908959265,0.2939325181594718,100.0,100.0,0.0
XGBoost,15min,18,3,0.1064120698210942,0.2556869352178447,100.0,100.0,0.0
XGBoost,15min,18,4,0.1322637871991346,0.2979790484682145,100.0,100.0,0.0
XGBoost,15min,18,5,0.1767948942866833,0.3375670604635493,100.0,100.0,0.0
XGBoost,15min,18,6,0.1427147084713814,0.3025251712635558,100.0,100.0,0.0
XGBoost,15min,19,1,0.1021663894342641,0.2431782963857169,100.0,100.0,0.0
XGBoost,15min,19,2,0.1194802240412758,0.2644138319693705,100.0,100.0,0.0
XGBoost,15min,19,3,0.1478073093487538,0.5500232694210204,100.0,100.0,0.0
XGBoost,15min,19,4,0.1334887599445762,0.2827357093806368,100.0,100.0,0.0
XGBoost,15min,19,5,0.1402743496542548,0.283698216519883,100.0,100.0,0.0
XGBoost,15min,19,6,0.120621810478135,0.2529201364811804,100.0,100.0,0.0
XGBoost,30min,0,1,0.0777460778432228,0.2172120351061749,100.0,100.0,0.0
XGBoost,30min,0,2,0.1095835989197025,0.2552874215861361,100.0,100.0,0.0
XGBoost,30min,0,3,0.0813451548382735,0.2353227639637545,100.0,100.0,0.0
XGBoost,30min,0,4,0.1539190357822953,0.3450498998428719,100.0,100.0,0.0
XGBoost,30min,0,5,0.1800392155317181,0.4362782658592035,100.0,100.0,0.0
XGBoost,30min,0,6,0.1255477363803901,0.2711449569777927,100.0,100.0,0.0
XGBoost,30min,1,1,0.0998357003896024,0.2444160537108694,100.0,100.0,0.0
XGBoost,30min,1,2,0.1311207982674111,0.3354939418329873,100.0,100.0,0.0
XGBoost,30min,1,3,0.0845779410068762,0.22578133750523,100.0,100.0,0.0
XGBoost,30min,1,4,0.1466625406688004,0.3037209978935976,100.0,100.0,0.0
XGBoost,30min,1,5,0.1495956678318381,0.3383305781082306,100.0,100.0,0.0
XGBoost,30min,1,6,0.1041424425623318,0.2396464630121947,100.0,100.0,0.0
XGBoost,30min,2,1,0.2515837273811309,0.4671938245579842,100.0,100.0,0.0
XGBoost,30min,2,2,0.3759576465724303,1.0151486452547396,100.0,100.0,0.0
XGBoost,30min,2,3,0.2281703893496173,0.4094928972184291,100.0,100.0,0.0
XGBoost,30min,2,4,0.2913713749235906,0.4237376131966335,100.0,100.0,0.0
XGBoost,30min,2,5,0.3133302592066154,0.5016417822413576,100.0,100.0,0.0
XGBoost,30min,2,6,0.3255984276931878,0.6787512540330002,100.0,100.0,0.0
XGBoost,30min,3,1,0.1470075765968131,0.3215508545873029,100.0,100.0,0.0
XGBoost,30min,3,2,0.1827237682331433,0.3370819280590809,100.0,100.0,0.0
XGBoost,30min,3,3,0.1674022752230357,0.3556852876972711,100.0,100.0,0.0
XGBoost,30min,3,4,0.2070952943066235,0.3483865526480852,100.0,100.0,0.0
XGBoost,30min,3,5,0.2821748033382644,0.7374182812618376,100.0,100.0,0.0
XGBoost,30min,3,6,0.2961764155327407,0.753423519085155,100.0,100.0,0.0
XGBoost,30min,4,1,0.1804160783289476,0.3706541322988588,100.0,100.0,0.0
XGBoost,30min,4,2,0.2205066159410904,0.5171783795438822,100.0,100.0,0.0
XGBoost,30min,4,3,0.181464922573762,0.3584979621273337,100.0,100.0,0.0
XGBoost,30min,4,4,0.2609265445622682,0.4825435808179145,100.0,100.0,0.0
XGBoost,30min,4,5,0.3851024101749973,1.0901811882407844,100.0,100.0,0.0
XGBoost,30min,4,6,0.2415113820802201,0.5095533692750127,100.0,100.0,0.0
XGBoost,30min,5,1,0.0515210704792371,0.1837788024592266,100.0,100.0,0.0
XGBoost,30min,5,2,0.085039375132083,0.2550960275213343,100.0,100.0,0.0
XGBoost,30min,5,3,0.0445702571103294,0.1699540605197072,100.0,100.0,0.0
XGBoost,30min,5,4,0.0816601480835742,0.2219886387339704,100.0,100.0,0.0
XGBoost,30min,5,5,0.109637608286806,0.3060744488175154,100.0,100.0,0.0
XGBoost,30min,5,6,0.1140550499117742,0.3233289821173967,100.0,100.0,0.0
XGBoost,30min,6,1,0.1171818234464191,0.2576000108543451,100.0,100.0,0.0
XGBoost,30min,6,2,0.138046637463528,0.3183728702913298,100.0,100.0,0.0
XGBoost,30min,6,3,0.1099989593133044,0.2495400928502086,100.0,100.0,0.0
XGBoost,30min,6,4,0.1323235840766911,0.2706107613839428,100.0,100.0,0.0
XGBoost,30min,6,5,0.1389104589048411,0.2835607554818297,100.0,100.0,0.0
XGBoost,30min,6,6,0.1296042175470499,0.2723752571893876,100.0,100.0,0.0
XGBoost,30min,7,1,0.109549992302256,0.2523995272528033,100.0,100.0,0.0
XGBoost,30min,7,2,0.1290423807673429,0.2684797736900393,100.0,100.0,0.0
XGBoost,30min,7,3,0.1133252643720572,0.2667723325978757,100.0,100.0,0.0
XGBoost,30min,7,4,0.1205387348487947,0.2610716950601813,100.0,100.0,0.0
XGBoost,30min,7,5,0.1343382546345531,0.2823342954517443,100.0,100.0,0.0
XGBoost,30min,7,6,0.1213399854907468,0.261506990535975,100.0,100.0,0.0
XGBoost,30min,8,1,0.1316898738734593,0.3148562365344595,100.0,100.0,0.0
XGBoost,30min,8,2,0.1553862406945353,0.2913379219826362,100.0,100.0,0.0
XGBoost,30min,8,3,0.1547731107719559,0.3178247226798433,100.0,100.0,0.0
XGBoost,30min,8,4,0.2420140610939545,0.4693376082701218,100.0,100.0,0.0
XGBoost,30min,8,5,0.2431436464355184,0.4780191255894837,100.0,100.0,0.0
XGBoost,30min,8,6,0.3793563798390688,0.9719927662444178,100.0,100.0,0.0
XGBoost,30min,9,1,0.1621200801190281,0.3084157510654687,100.0,100.0,0.0
XGBoost,30min,9,2,0.2849143551420929,0.6381690567891706,100.0,100.0,0.0
XGBoost,30min,9,3,0.1651614878744909,0.33735862646768,100.0,100.0,0.0
XGBoost,30min,9,4,0.2340870979846113,0.3771657626275417,100.0,100.0,0.0
XGBoost,30min,9,5,0.4721662910820926,1.505383225208302,100.0,100.0,0.0
XGBoost,30min,9,6,0.5318846999385317,1.437490451794617,100.0,100.0,0.0
XGBoost,30min,10,1,0.1242103243789539,0.3196199985856075,100.0,100.0,0.0
XGBoost,30min,10,2,0.1736885412547947,0.5001414120952219,100.0,100.0,0.0
XGBoost,30min,10,3,0.1234195924484847,0.2809100707425208,100.0,100.0,0.0
XGBoost,30min,10,4,0.1660795450349267,0.3046298424907154,100.0,100.0,0.0
XGBoost,30min,10,5,0.1589519063562345,0.3380635696334951,100.0,100.0,0.0
XGBoost,30min,10,6,0.1851267656522687,0.3889337044113365,100.0,100.0,0.0
XGBoost,30min,11,1,0.1637995233363783,0.3467872916056265,100.0,100.0,0.0
XGBoost,30min,11,2,0.2103212189022505,0.394055397523456,100.0,100.0,0.0
XGBoost,30min,11,3,0.1693038274688454,0.3626087247235613,100.0,100.0,0.0
XGBoost,30min,11,4,0.2178860010276914,0.4034749396759329,100.0,100.0,0.0
XGBoost,30min,11,5,0.2059971585809109,0.3694706965236818,100.0,100.0,0.0
XGBoost,30min,11,6,0.3074638717322935,1.3757626839417312,100.0,100.0,0.0
XGBoost,30min,12,1,0.0874702138495764,0.2239847332179747,100.0,100.0,0.0
XGBoost,30min,12,2,0.1186413634579288,0.3206255835508619,100.0,100.0,0.0
XGBoost,30min,12,3,0.1053708505325361,0.3145416493860599,100.0,100.0,0.0
XGBoost,30min,12,4,0.2807465487264352,0.7795388718151333,100.0,100.0,0.0
XGBoost,30min,12,5,0.1397268263110593,0.2929571133197231,100.0,100.0,0.0
XGBoost,30min,12,6,0.1380245703607884,0.2828685910127084,100.0,100.0,0.0
XGBoost,30min,13,1,0.0651640700628204,0.2339960884901426,100.0,100.0,0.0
XGBoost,30min,13,2,0.0751120859693135,0.2132937566121687,100.0,100.0,0.0
XGBoost,30min,13,3,0.0633230736395728,0.1960904177312543,100.0,100.0,0.0
XGBoost,30min,13,4,0.0860393184641893,0.220839467925061,100.0,100.0,0.0
XGBoost,30min,13,5,0.1359915564128172,0.4141593477634334,100.0,100.0,0.0
XGBoost,30min,13,6,0.1737946781604493,0.6224497300029733,100.0,100.0,0.0
XGBoost,30min,14,1,0.0782414159502935,0.2166355508893354,100.0,100.0,0.0
XGBoost,30min,14,2,0.0978522619721222,0.267002203145936,100.0,100.0,0.0
XGBoost,30min,14,3,0.0832209739662867,0.2275924277904833,100.0,100.0,0.0
XGBoost,30min,14,4,0.1067536305798702,0.2432666726579118,100.0,100.0,0.0
XGBoost,30min,14,5,0.1158409717819453,0.2616185418840739,100.0,100.0,0.0
XGBoost,30min,14,6,0.1343518801384571,0.282999386856074,100.0,100.0,0.0
XGBoost,30min,15,1,0.170601490280391,0.3164652662078811,100.0,100.0,0.0
XGBoost,30min,15,2,0.2285818529378681,0.4365418417529073,100.0,100.0,0.0
XGBoost,30min,15,3,0.1931279455942772,0.4183613276723409,100.0,100.0,0.0
XGBoost,30min,15,4,0.2583631833949152,0.4534404722682176,100.0,100.0,0.0
XGBoost,30min,15,5,0.3613150143359829,0.8718919115174688,100.0,100.0,0.0
XGBoost,30min,15,6,0.2936706454203252,0.8041385604585307,100.0,100.0,0.0
XGBoost,30min,16,1,0.1919067720121391,0.3334056843025101,100.0,100.0,0.0
XGBoost,30min,16,2,0.2439624548929246,0.3912760607174165,100.0,100.0,0.0
XGBoost,30min,16,3,0.2023149970799702,0.3429880463823107,100.0,100.0,0.0
XGBoost,30min,16,4,0.3422701104981321,0.8561944619149711,100.0,100.0,0.0
XGBoost,30min,16,5,0.2951873193444589,0.5178710308238494,100.0,100.0,0.0
XGBoost,30min,16,6,0.2507097422903259,0.3825225102097581,100.0,100.0,0.0
XGBoost,30min,17,1,0.0978073111240637,0.2378765577712397,100.0,100.0,0.0
XGBoost,30min,17,2,0.10691311554967,0.2468490650696399,100.0,100.0,0.0
XGBoost,30min,17,3,0.1007430701841095,0.2521888066065009,100.0,100.0,0.0
XGBoost,30min,17,4,0.157362178427456,0.3326192431605566,100.0,100.0,0.0
XGBoost,30min,17,5,0.147590251077116,0.2984812702945845,100.0,100.0,0.0
XGBoost,30min,17,6,0.1990681016355007,0.5238152266482824,100.0,100.0,0.0
XGBoost,30min,18,1,0.1025571440318908,0.2639228715572324,100.0,100.0,0.0
XGBoost,30min,18,2,0.1406304857077606,0.3242028508702423,100.0,100.0,0.0
XGBoost,30min,18,3,0.1168028879748173,0.2700354958469863,100.0,100.0,0.0
XGBoost,30min,18,4,0.1392185195647678,0.3244899413090107,100.0,100.0,0.0
XGBoost,30min,18,5,0.1947813183849394,0.3595953248372271,100.0,100.0,0.0
XGBoost,30min,18,6,0.1491289654743401,0.3124156941220625,100.0,100.0,0.0
XGBoost,30min,19,1,0.1122884877966614,0.2600413014164471,100.0,100.0,0.0
XGBoost,30min,19,2,0.1218275743698643,0.2724238223466153,100.0,100.0,0.0
XGBoost,30min,19,3,0.1686816345889461,0.6704475439397173,100.0,100.0,0.0
XGBoost,30min,19,4,0.1430761793313018,0.3072860196994818,100.0,100.0,0.0
XGBoost,30min,19,5,0.1404514900815563,0.2832789919855763,100.0,100.0,0.0
XGBoost,30min,19,6,0.120876185765025,0.2498474415623444,100.0,100.0,0.0
